id,daily_times
10246,"{'lundi': ['21'], 'mardi': [], 'mercredi': [], 'jeudi': [], 'vendredi': [], 'samedi': ['19'], 'dimanche': []}"
4265,"{'lundi': [], 'mardi': [], 'mercredi': [], 'jeudi': [], 'vendredi': [], 'samedi': ['17'], 'dimanche': []}"
4006,"{'lundi': [], 'mardi': [], 'mercredi': [], 'jeudi': [], 'vendredi': ['16'], 'samedi': [], 'dimanche': []}"
9107,"{'lundi': [], 'mardi': [], 'mercredi': [], 'jeudi': [], 'vendredi': [], 'samedi': ['24', '24'], 'dimanche': ['25', '25']}"
9385,"{'lundi': [], 'mardi': ['10h-18h'], 'mercredi': ['10h-18h'], 'jeudi': ['10h-18h'], 'vendredi': ['10h-18h'], 'samedi': ['10h-18h'], 'dimanche': []}"
4267,"{'lundi': [], 'mardi': [], 'mercredi': [], 'jeudi': [], 'vendredi': [], 'samedi': [], 'dimanche': ['25']}"
8491,"{'lundi': ['21', '21'], 'mardi': [], 'mercredi': [], 'jeudi': [], 'vendredi': [], 'samedi': ['19'], 'dimanche': ['20']}"
8492,"{'lundi': ['21'], 'mardi': [], 'mercredi': [], 'jeudi': [], 'vendredi': [], 'samedi': ['19'], 'dimanche': []}"
7588,"{'lundi': [], 'mardi': [], 'mercredi': [], 'jeudi': [], 'vendredi': [], 'samedi': ['5'], 'dimanche': []}"
8988,"{'lundi': [], 'mardi': [], 'mercredi': ['2'], 'jeudi': [], 'vendredi': [], 'samedi': [], 'dimanche': []}"
9518,"{'lundi': [], 'mardi': [], 'mercredi': [], 'jeudi': [], 'vendredi': [], 'samedi': ['5'], 'dimanche': []}"
11954,"{'lundi': ['21'], 'mardi': [], 'mercredi': [], 'jeudi': [], 'vendredi': [], 'samedi': ['19'], 'dimanche': []}"
7350,"{'lundi': [], 'mardi': [], 'mercredi': [], 'jeudi': [], 'vendredi': ['15h-18h'], 'samedi': ['9h-18h'], 'dimanche': ['9h-18h']}"
9884,"{'lundi': [], 'mardi': [], 'mercredi': [], 'jeudi': [], 'vendredi': [], 'samedi': [], 'dimanche': ['4', '11']}"
3914,"{'lundi': [], 'mardi': [], 'mercredi': [], 'jeudi': ['15'], 'vendredi': [], 'samedi': [], 'dimanche': []}"
9700,"{'lundi': [], 'mardi': [], 'mercredi': ['5', '19', '2', '9', '30'], 'jeudi': ['20'], 'vendredi': [], 'samedi': [], 'dimanche': []}"
6055,"{'lundi': [], 'mardi': [], 'mercredi': [], 'jeudi': [], 'vendredi': [], 'samedi': ['10'], 'dimanche': []}"
9259,"{'lundi': ['21'], 'mardi': [], 'mercredi': ['16'], 'jeudi': [], 'vendredi': [], 'samedi': ['19'], 'dimanche': []}"
6530,"{'lundi': [], 'mardi': [], 'mercredi': [], 'jeudi': [], 'vendredi': [], 'samedi': ['9h30', '1'], 'dimanche': []}"
3941,"{'lundi': ['21', '21'], 'mardi': [], 'mercredi': [], 'jeudi': [], 'vendredi': [], 'samedi': ['19'], 'dimanche': ['20']}"
7215,"{'lundi': [], 'mardi': [], 'mercredi': [], 'jeudi': [], 'vendredi': [], 'samedi': ['9h30', '1'], 'dimanche': []}"
4351,"{'lundi': [], 'mardi': [], 'mercredi': [], 'jeudi': [], 'vendredi': ['16'], 'samedi': [], 'dimanche': []}"
5559,"{'lundi': [], 'mardi': [], 'mercredi': [], 'jeudi': [], 'vendredi': ['10h-18h'], 'samedi': [], 'dimanche': []}"
7221,"{'lundi': [], 'mardi': [], 'mercredi': [], 'jeudi': [], 'vendredi': [], 'samedi': ['9h30', '1'], 'dimanche': []}"
621,"{'lundi': [], 'mardi': [], 'mercredi': [], 'jeudi': [], 'vendredi': [], 'samedi': ['9h30', '1'], 'dimanche': []}"
9342,"{'lundi': [], 'mardi': [], 'mercredi': [], 'jeudi': [], 'vendredi': ['10h-18h'], 'samedi': [], 'dimanche': []}"
2046,"{'lundi': [], 'mardi': [], 'mercredi': [], 'jeudi': [], 'vendredi': [], 'samedi': ['9h30', '1'], 'dimanche': []}"
6414,"{'lundi': [], 'mardi': ['22'], 'mercredi': [], 'jeudi': [], 'vendredi': [], 'samedi': [], 'dimanche': []}"
2677,"{'lundi': [], 'mardi': [], 'mercredi': [], 'jeudi': [], 'vendredi': ['18'], 'samedi': [], 'dimanche': []}"
3565,"{'lundi': [], 'mardi': [], 'mercredi': [], 'jeudi': ['24'], 'vendredi': [], 'samedi': [], 'dimanche': []}"
1424,"{'lundi': [], 'mardi': ['10h-18h'], 'mercredi': ['10h-18h'], 'jeudi': ['10h-18h'], 'vendredi': ['10h-18h'], 'samedi': ['10h-18h'], 'dimanche': []}"
10361,"{'lundi': [], 'mardi': ['15'], 'mercredi': [], 'jeudi': [], 'vendredi': [], 'samedi': [], 'dimanche': []}"
536,"{'lundi': [], 'mardi': ['9h00-12h30'], 'mercredi': ['9h00-12h30'], 'jeudi': [], 'vendredi': ['4', '9h00-12h30'], 'samedi': ['9h00-12h30'], 'dimanche': []}"
1566,"{'lundi': [], 'mardi': [], 'mercredi': [], 'jeudi': [], 'vendredi': ['25', '22', '19'], 'samedi': [], 'dimanche': []}"
4332,"{'lundi': [], 'mardi': [], 'mercredi': [], 'jeudi': [], 'vendredi': ['10h-18h'], 'samedi': [], 'dimanche': []}"
3910,"{'lundi': [], 'mardi': [], 'mercredi': [], 'jeudi': [], 'vendredi': [], 'samedi': ['5'], 'dimanche': []}"
3840,"{'lundi': ['11'], 'mardi': ['11h-18h'], 'mercredi': ['11h-18h'], 'jeudi': ['11h-18h'], 'vendredi': ['1', '11h-18h'], 'samedi': ['11h-18h'], 'dimanche': ['11h-18h']}"
3860,"{'lundi': [], 'mardi': [], 'mercredi': [], 'jeudi': ['3'], 'vendredi': [], 'samedi': [], 'dimanche': []}"
3988,"{'lundi': [], 'mardi': [], 'mercredi': [], 'jeudi': [], 'vendredi': [], 'samedi': ['5'], 'dimanche': []}"
5135,"{'lundi': [], 'mardi': [], 'mercredi': [], 'jeudi': [], 'vendredi': [], 'samedi': ['19'], 'dimanche': []}"
1165,"{'lundi': [], 'mardi': [], 'mercredi': [], 'jeudi': ['8'], 'vendredi': [], 'samedi': [], 'dimanche': []}"
4410,"{'lundi': [], 'mardi': ['10h-18h'], 'mercredi': ['10h-18h'], 'jeudi': ['10h-18h'], 'vendredi': ['10h-18h'], 'samedi': ['10h-18h'], 'dimanche': []}"
6002,"{'lundi': [], 'mardi': [], 'mercredi': [], 'jeudi': [], 'vendredi': [], 'samedi': ['23'], 'dimanche': []}"
3992,"{'lundi': [], 'mardi': [], 'mercredi': [], 'jeudi': [], 'vendredi': [], 'samedi': ['5'], 'dimanche': []}"
3994,"{'lundi': [], 'mardi': [], 'mercredi': [], 'jeudi': [], 'vendredi': [], 'samedi': ['5'], 'dimanche': []}"
4000,"{'lundi': [], 'mardi': [], 'mercredi': [], 'jeudi': [], 'vendredi': [], 'samedi': [], 'dimanche': ['11']}"
7680,"{'lundi': ['21'], 'mardi': [], 'mercredi': [], 'jeudi': [], 'vendredi': [], 'samedi': [], 'dimanche': ['20']}"
5541,"{'lundi': ['21'], 'mardi': [], 'mercredi': [], 'jeudi': [], 'vendredi': [], 'samedi': [], 'dimanche': []}"
11943,"{'lundi': [], 'mardi': ['10h-18h'], 'mercredi': ['10h-18h'], 'jeudi': ['10h-18h'], 'vendredi': ['10h-18h'], 'samedi': ['6', '10h-18h'], 'dimanche': []}"
4147,"{'lundi': [], 'mardi': ['19'], 'mercredi': [], 'jeudi': [], 'vendredi': [], 'samedi': [], 'dimanche': []}"
4377,"{'lundi': [], 'mardi': [], 'mercredi': [], 'jeudi': [], 'vendredi': [], 'samedi': ['10'], 'dimanche': []}"
9214,"{'lundi': [], 'mardi': ['17h'], 'mercredi': [], 'jeudi': ['9h'], 'vendredi': [], 'samedi': [], 'dimanche': []}"
4195,"{'lundi': ['14'], 'mardi': ['15', '22'], 'mercredi': ['23'], 'jeudi': ['17'], 'vendredi': ['18'], 'samedi': [], 'dimanche': []}"
9699,"{'lundi': [], 'mardi': [], 'mercredi': ['5', '19', '2', '9', '30'], 'jeudi': ['20'], 'vendredi': [], 'samedi': [], 'dimanche': []}"
5605,"{'lundi': [], 'mardi': ['10h-18h'], 'mercredi': ['10h-18h'], 'jeudi': ['10h-18h'], 'vendredi': ['10h-18h'], 'samedi': ['10h-18h'], 'dimanche': []}"
11410,"{'lundi': [], 'mardi': [], 'mercredi': ['5', '19', '2', '9', '30'], 'jeudi': ['20'], 'vendredi': [], 'samedi': [], 'dimanche': []}"
5607,"{'lundi': [], 'mardi': ['10h-18h'], 'mercredi': ['10h-18h'], 'jeudi': ['10h-18h'], 'vendredi': ['10h-18h'], 'samedi': ['10h-18h'], 'dimanche': []}"
6378,"{'lundi': [], 'mardi': [], 'mercredi': [], 'jeudi': ['27', '31'], 'vendredi': [], 'samedi': [], 'dimanche': []}"
4262,"{'lundi': [], 'mardi': ['06'], 'mercredi': [], 'jeudi': [], 'vendredi': [], 'samedi': ['03', '03'], 'dimanche': ['04']}"
4261,"{'lundi': ['21'], 'mardi': [], 'mercredi': ['16'], 'jeudi': [], 'vendredi': [], 'samedi': ['19'], 'dimanche': []}"
5336,"{'lundi': [], 'mardi': [], 'mercredi': [], 'jeudi': ['27', '31'], 'vendredi': [], 'samedi': [], 'dimanche': []}"
6382,"{'lundi': [], 'mardi': [], 'mercredi': [], 'jeudi': ['27', '31'], 'vendredi': [], 'samedi': [], 'dimanche': []}"
4263,"{'lundi': ['21'], 'mardi': [], 'mercredi': ['16'], 'jeudi': [], 'vendredi': [], 'samedi': ['19'], 'dimanche': []}"
3253,"{'lundi': [], 'mardi': [], 'mercredi': ['2'], 'jeudi': [], 'vendredi': [], 'samedi': [], 'dimanche': []}"
3257,"{'lundi': [], 'mardi': ['10h-18h'], 'mercredi': ['10h-18h'], 'jeudi': ['10h-18h'], 'vendredi': ['10h-18h'], 'samedi': ['6', '10h-18h'], 'dimanche': []}"
1240,"{'lundi': ['9h'], 'mardi': [], 'mercredi': [], 'jeudi': [], 'vendredi': ['17h'], 'samedi': [], 'dimanche': []}"
1331,"{'lundi': [], 'mardi': [], 'mercredi': [], 'jeudi': ['27', '31'], 'vendredi': [], 'samedi': [], 'dimanche': []}"
9085,"{'lundi': ['14'], 'mardi': [], 'mercredi': [], 'jeudi': [], 'vendredi': [], 'samedi': [], 'dimanche': []}"
4239,"{'lundi': [], 'mardi': [], 'mercredi': [], 'jeudi': [], 'vendredi': [], 'samedi': [], 'dimanche': ['8']}"
7676,"{'lundi': [], 'mardi': [], 'mercredi': [], 'jeudi': [], 'vendredi': ['18'], 'samedi': [], 'dimanche': []}"
9386,"{'lundi': [], 'mardi': ['10h-18h'], 'mercredi': ['10h-18h'], 'jeudi': ['10h-18h'], 'vendredi': ['10h-18h'], 'samedi': ['10h-18h'], 'dimanche': []}"
4170,"{'lundi': [], 'mardi': [], 'mercredi': [], 'jeudi': [], 'vendredi': [], 'samedi': [], 'dimanche': ['1']}"
4163,"{'lundi': ['9h'], 'mardi': [], 'mercredi': [], 'jeudi': [], 'vendredi': ['17h'], 'samedi': [], 'dimanche': []}"
3263,"{'lundi': [], 'mardi': ['10h-18h'], 'mercredi': ['10h-18h'], 'jeudi': ['10h-18h'], 'vendredi': ['10h-18h'], 'samedi': ['6', '10h-18h'], 'dimanche': []}"
2899,"{'lundi': ['9h'], 'mardi': [], 'mercredi': [], 'jeudi': [], 'vendredi': ['17h'], 'samedi': [], 'dimanche': []}"
9302,"{'lundi': [], 'mardi': [], 'mercredi': [], 'jeudi': ['27', '31'], 'vendredi': [], 'samedi': [], 'dimanche': []}"
4374,"{'lundi': [], 'mardi': [], 'mercredi': [], 'jeudi': [], 'vendredi': [], 'samedi': ['14'], 'dimanche': []}"
4375,"{'lundi': [], 'mardi': [], 'mercredi': [], 'jeudi': [], 'vendredi': [], 'samedi': ['10'], 'dimanche': []}"
4474,"{'lundi': [], 'mardi': [], 'mercredi': [], 'jeudi': [], 'vendredi': [], 'samedi': [], 'dimanche': ['4', '11', '18', '25']}"
4476,"{'lundi': [], 'mardi': [], 'mercredi': [], 'jeudi': [], 'vendredi': [], 'samedi': [], 'dimanche': ['4', '11', '18', '25']}"
5335,"{'lundi': [], 'mardi': [], 'mercredi': [], 'jeudi': ['27', '31'], 'vendredi': [], 'samedi': [], 'dimanche': []}"
4933,"{'lundi': [], 'mardi': [], 'mercredi': [], 'jeudi': ['10'], 'vendredi': [], 'samedi': [], 'dimanche': []}"
4934,"{'lundi': [], 'mardi': [], 'mercredi': [], 'jeudi': ['10'], 'vendredi': [], 'samedi': [], 'dimanche': []}"
5950,"{'lundi': [], 'mardi': [], 'mercredi': [], 'jeudi': [], 'vendredi': [], 'samedi': ['19'], 'dimanche': ['20']}"
1829,"{'lundi': [], 'mardi': [], 'mercredi': [], 'jeudi': [], 'vendredi': [], 'samedi': ['17'], 'dimanche': ['18']}"
6151,"{'lundi': [], 'mardi': [], 'mercredi': [], 'jeudi': [], 'vendredi': [], 'samedi': ['17'], 'dimanche': ['18']}"
4083,"{'lundi': [], 'mardi': ['10h-18h'], 'mercredi': ['10h-18h'], 'jeudi': ['10h-18h'], 'vendredi': ['10h-18h'], 'samedi': ['10h-18h'], 'dimanche': []}"
3258,"{'lundi': [], 'mardi': ['10h-18h'], 'mercredi': ['10h-18h'], 'jeudi': ['10h-18h'], 'vendredi': ['10h-18h'], 'samedi': ['6', '10h-18h'], 'dimanche': []}"
9303,"{'lundi': [], 'mardi': [], 'mercredi': [], 'jeudi': ['27', '31'], 'vendredi': [], 'samedi': [], 'dimanche': []}"
5309,"{'lundi': [], 'mardi': ['3'], 'mercredi': [], 'jeudi': ['5', '12'], 'vendredi': [], 'samedi': ['7'], 'dimanche': ['8']}"
9300,"{'lundi': [], 'mardi': [], 'mercredi': [], 'jeudi': ['27', '31'], 'vendredi': [], 'samedi': [], 'dimanche': []}"
9301,"{'lundi': [], 'mardi': [], 'mercredi': [], 'jeudi': ['27', '31'], 'vendredi': [], 'samedi': [], 'dimanche': []}"
5539,"{'lundi': [], 'mardi': [], 'mercredi': [], 'jeudi': ['8'], 'vendredi': ['9'], 'samedi': ['10'], 'dimanche': []}"
8479,"{'lundi': [], 'mardi': ['10h-18h'], 'mercredi': ['10h-18h'], 'jeudi': ['10h-18h'], 'vendredi': ['10h-18h'], 'samedi': ['6', '10h-18h'], 'dimanche': []}"
5604,"{'lundi': [], 'mardi': ['10h-18h'], 'mercredi': ['10h-18h'], 'jeudi': ['10h-18h'], 'vendredi': ['10h-18h'], 'samedi': ['10h-18h'], 'dimanche': []}"
9552,"{'lundi': [], 'mardi': [], 'mercredi': [], 'jeudi': ['29'], 'vendredi': ['30'], 'samedi': ['31'], 'dimanche': []}"
6053,"{'lundi': ['9h'], 'mardi': [], 'mercredi': [], 'jeudi': [], 'vendredi': ['17h'], 'samedi': [], 'dimanche': []}"
9648,"{'lundi': [], 'mardi': ['29'], 'mercredi': [], 'jeudi': [], 'vendredi': [], 'samedi': [], 'dimanche': []}"
11585,"{'lundi': [], 'mardi': [], 'mercredi': [], 'jeudi': ['10'], 'vendredi': [], 'samedi': [], 'dimanche': []}"
10239,"{'lundi': [], 'mardi': ['10h-18h'], 'mercredi': ['10h-18h'], 'jeudi': ['10h-18h'], 'vendredi': ['10h-18h'], 'samedi': ['6', '10h-18h'], 'dimanche': []}"
3800,"{'lundi': [], 'mardi': ['26'], 'mercredi': [], 'jeudi': [], 'vendredi': [], 'samedi': [], 'dimanche': []}"
3802,"{'lundi': [], 'mardi': ['29'], 'mercredi': [], 'jeudi': [], 'vendredi': [], 'samedi': [], 'dimanche': []}"
11037,"{'lundi': [], 'mardi': [], 'mercredi': [], 'jeudi': [], 'vendredi': [], 'samedi': ['9h30', '1'], 'dimanche': []}"
6533,"{'lundi': [], 'mardi': [], 'mercredi': [], 'jeudi': [], 'vendredi': [], 'samedi': ['9h30', '1'], 'dimanche': []}"
10095,"{'lundi': [], 'mardi': [], 'mercredi': [], 'jeudi': ['10'], 'vendredi': ['11'], 'samedi': ['12'], 'dimanche': []}"
3849,"{'lundi': [], 'mardi': [], 'mercredi': [], 'jeudi': [], 'vendredi': ['2', '2'], 'samedi': ['3', '3'], 'dimanche': []}"
6524,"{'lundi': [], 'mardi': [], 'mercredi': [], 'jeudi': [], 'vendredi': [], 'samedi': ['9h30', '1'], 'dimanche': []}"
6528,"{'lundi': [], 'mardi': [], 'mercredi': [], 'jeudi': [], 'vendredi': [], 'samedi': ['9h30', '1'], 'dimanche': []}"
4385,"{'lundi': [], 'mardi': ['10h-18h'], 'mercredi': ['10h-18h'], 'jeudi': ['10h-18h'], 'vendredi': ['10h-18h'], 'samedi': ['10h-18h'], 'dimanche': []}"
2750,"{'lundi': [], 'mardi': [], 'mercredi': [], 'jeudi': ['10'], 'vendredi': [], 'samedi': [], 'dimanche': []}"
5156,"{'lundi': [], 'mardi': [], 'mercredi': [], 'jeudi': [], 'vendredi': ['30'], 'samedi': [], 'dimanche': []}"
1113,"{'lundi': [], 'mardi': [], 'mercredi': [], 'jeudi': [], 'vendredi': [], 'samedi': [], 'dimanche': ['21']}"
7339,"{'lundi': ['28'], 'mardi': [], 'mercredi': [], 'jeudi': [], 'vendredi': [], 'samedi': [], 'dimanche': []}"
6609,"{'lundi': [], 'mardi': [], 'mercredi': [], 'jeudi': [], 'vendredi': [], 'samedi': ['10'], 'dimanche': []}"
11587,"{'lundi': [], 'mardi': [], 'mercredi': [], 'jeudi': ['10'], 'vendredi': [], 'samedi': [], 'dimanche': []}"
615,"{'lundi': [], 'mardi': [], 'mercredi': [], 'jeudi': [], 'vendredi': [], 'samedi': ['9h30', '1'], 'dimanche': []}"
1137,"{'lundi': [], 'mardi': ['15'], 'mercredi': [], 'jeudi': [], 'vendredi': [], 'samedi': [], 'dimanche': []}"
3906,"{'lundi': [], 'mardi': [], 'mercredi': [], 'jeudi': [], 'vendredi': [], 'samedi': [], 'dimanche': ['27']}"
4197,"{'lundi': ['14'], 'mardi': ['15', '22'], 'mercredi': ['23'], 'jeudi': ['17'], 'vendredi': ['18'], 'samedi': [], 'dimanche': []}"
8290,"{'lundi': [], 'mardi': [], 'mercredi': [], 'jeudi': ['10'], 'vendredi': [], 'samedi': [], 'dimanche': []}"
3918,"{'lundi': [], 'mardi': [], 'mercredi': [], 'jeudi': [], 'vendredi': [], 'samedi': ['24'], 'dimanche': []}"
6767,"{'lundi': [], 'mardi': [], 'mercredi': [], 'jeudi': [], 'vendredi': ['25', '22', '19'], 'samedi': [], 'dimanche': []}"
6778,"{'lundi': [], 'mardi': [], 'mercredi': [], 'jeudi': [], 'vendredi': [], 'samedi': [], 'dimanche': ['30']}"
6779,"{'lundi': [], 'mardi': [], 'mercredi': [], 'jeudi': [], 'vendredi': [], 'samedi': [], 'dimanche': ['30']}"
6780,"{'lundi': [], 'mardi': [], 'mercredi': [], 'jeudi': [], 'vendredi': [], 'samedi': [], 'dimanche': ['30']}"
6766,"{'lundi': [], 'mardi': [], 'mercredi': [], 'jeudi': [], 'vendredi': ['25', '22', '19'], 'samedi': [], 'dimanche': []}"
3762,"{'lundi': ['14'], 'mardi': ['4'], 'mercredi': [], 'jeudi': [], 'vendredi': ['11'], 'samedi': ['12'], 'dimanche': ['13']}"
5009,"{'lundi': [], 'mardi': [], 'mercredi': [], 'jeudi': [], 'vendredi': [], 'samedi': [], 'dimanche': ['27']}"
10237,"{'lundi': [], 'mardi': ['10h-18h'], 'mercredi': ['10h-18h'], 'jeudi': ['10h-18h'], 'vendredi': ['10h-18h'], 'samedi': ['6', '10h-18h'], 'dimanche': []}"
10552,"{'lundi': [], 'mardi': [], 'mercredi': [], 'jeudi': [], 'vendredi': [], 'samedi': [], 'dimanche': ['30']}"
3759,"{'lundi': [], 'mardi': [], 'mercredi': [], 'jeudi': [], 'vendredi': [], 'samedi': ['29', '19', '24'], 'dimanche': []}"
5334,"{'lundi': [], 'mardi': ['08'], 'mercredi': [], 'jeudi': [], 'vendredi': [], 'samedi': [], 'dimanche': []}"
616,"{'lundi': [], 'mardi': [], 'mercredi': [], 'jeudi': [], 'vendredi': [], 'samedi': ['9h30', '1'], 'dimanche': []}"
9206,"{'lundi': [], 'mardi': [], 'mercredi': ['11h-19h'], 'jeudi': ['11h-19h'], 'vendredi': ['11h-19h'], 'samedi': ['11h-19h'], 'dimanche': ['11h-19h']}"
11942,"{'lundi': [], 'mardi': ['10h-18h'], 'mercredi': ['10h-18h'], 'jeudi': ['10h-18h'], 'vendredi': ['10h-18h'], 'samedi': ['6', '10h-18h'], 'dimanche': []}"
617,"{'lundi': [], 'mardi': [], 'mercredi': [], 'jeudi': [], 'vendredi': [], 'samedi': ['9h30', '1'], 'dimanche': []}"
5417,"{'lundi': [], 'mardi': [], 'mercredi': [], 'jeudi': [], 'vendredi': [], 'samedi': ['5'], 'dimanche': []}"
10272,"{'lundi': [], 'mardi': [], 'mercredi': [], 'jeudi': [], 'vendredi': ['30'], 'samedi': [], 'dimanche': []}"
1264,"{'lundi': [], 'mardi': ['13'], 'mercredi': [], 'jeudi': [], 'vendredi': [], 'samedi': [], 'dimanche': []}"
9384,"{'lundi': [], 'mardi': ['10h-18h'], 'mercredi': ['10h-18h'], 'jeudi': ['10h-18h'], 'vendredi': ['10h-18h'], 'samedi': ['10h-18h'], 'dimanche': []}"
596,"{'lundi': [], 'mardi': [], 'mercredi': [], 'jeudi': [], 'vendredi': [], 'samedi': ['17'], 'dimanche': ['18']}"
9023,"{'lundi': [], 'mardi': [], 'mercredi': [], 'jeudi': [], 'vendredi': [], 'samedi': ['19'], 'dimanche': []}"
622,"{'lundi': [], 'mardi': [], 'mercredi': [], 'jeudi': [], 'vendredi': [], 'samedi': ['9h30', '1'], 'dimanche': []}"
5118,"{'lundi': [], 'mardi': ['10h-18h'], 'mercredi': ['10h-18h'], 'jeudi': ['10h-18h'], 'vendredi': ['10h-18h'], 'samedi': ['6', '10h-18h'], 'dimanche': []}"
3740,"{'lundi': [], 'mardi': [], 'mercredi': [], 'jeudi': [], 'vendredi': [], 'samedi': ['19'], 'dimanche': []}"
6034,"{'lundi': [], 'mardi': [], 'mercredi': [], 'jeudi': [], 'vendredi': [], 'samedi': ['5'], 'dimanche': []}"
5602,"{'lundi': [], 'mardi': [], 'mercredi': [], 'jeudi': [], 'vendredi': [], 'samedi': ['10'], 'dimanche': []}"
6044,"{'lundi': [], 'mardi': [], 'mercredi': [], 'jeudi': [], 'vendredi': [], 'samedi': ['5'], 'dimanche': []}"
11040,"{'lundi': [], 'mardi': [], 'mercredi': [], 'jeudi': [], 'vendredi': [], 'samedi': ['9h30', '1'], 'dimanche': []}"
9318,"{'lundi': [], 'mardi': [], 'mercredi': [], 'jeudi': [], 'vendredi': [], 'samedi': [], 'dimanche': ['25']}"
3757,"{'lundi': [], 'mardi': [], 'mercredi': [], 'jeudi': [], 'vendredi': [], 'samedi': ['29', '19', '24'], 'dimanche': []}"
9388,"{'lundi': [], 'mardi': ['10h-18h'], 'mercredi': ['10h-18h'], 'jeudi': ['10h-18h'], 'vendredi': ['10h-18h'], 'samedi': ['10h-18h'], 'dimanche': []}"
3984,"{'lundi': [], 'mardi': [], 'mercredi': [], 'jeudi': [], 'vendredi': [], 'samedi': ['19'], 'dimanche': []}"
6758,"{'lundi': [], 'mardi': [], 'mercredi': [], 'jeudi': [], 'vendredi': [], 'samedi': ['20h'], 'dimanche': ['10h']}"
1316,"{'lundi': [], 'mardi': [], 'mercredi': [], 'jeudi': [], 'vendredi': [], 'samedi': ['29', '19', '24'], 'dimanche': []}"
7217,"{'lundi': [], 'mardi': [], 'mercredi': [], 'jeudi': [], 'vendredi': [], 'samedi': ['9h30', '1'], 'dimanche': []}"
624,"{'lundi': [], 'mardi': [], 'mercredi': [], 'jeudi': [], 'vendredi': [], 'samedi': ['9h30', '1'], 'dimanche': []}"
7220,"{'lundi': [], 'mardi': [], 'mercredi': [], 'jeudi': [], 'vendredi': [], 'samedi': ['9h30', '1'], 'dimanche': []}"
5979,"{'lundi': [], 'mardi': [], 'mercredi': [], 'jeudi': [], 'vendredi': [], 'samedi': ['13'], 'dimanche': []}"
8499,"{'lundi': [], 'mardi': [], 'mercredi': [], 'jeudi': [], 'vendredi': [], 'samedi': ['5'], 'dimanche': []}"
7351,"{'lundi': [], 'mardi': [], 'mercredi': [], 'jeudi': [], 'vendredi': ['15h-18h'], 'samedi': ['9h-18h'], 'dimanche': ['9h-18h']}"
3737,"{'lundi': [], 'mardi': ['3'], 'mercredi': [], 'jeudi': ['5', '12'], 'vendredi': [], 'samedi': ['7'], 'dimanche': ['8']}"
1138,"{'lundi': [], 'mardi': [], 'mercredi': ['16'], 'jeudi': [], 'vendredi': [], 'samedi': [], 'dimanche': []}"
1307,"{'lundi': ['12'], 'mardi': ['13', '13'], 'mercredi': ['14', '21'], 'jeudi': ['15', '15', '15'], 'vendredi': ['16', '16'], 'samedi': ['17', '17', '17'], 'dimanche': ['18', '18']}"
1330,"{'lundi': [], 'mardi': [], 'mercredi': [], 'jeudi': ['27', '31'], 'vendredi': [], 'samedi': [], 'dimanche': []}"
1332,"{'lundi': [], 'mardi': [], 'mercredi': [], 'jeudi': ['27', '31'], 'vendredi': [], 'samedi': [], 'dimanche': []}"
1333,"{'lundi': [], 'mardi': [], 'mercredi': [], 'jeudi': ['27', '31'], 'vendredi': [], 'samedi': [], 'dimanche': []}"
5551,"{'lundi': ['28'], 'mardi': [], 'mercredi': [], 'jeudi': [], 'vendredi': [], 'samedi': [], 'dimanche': []}"
1835,"{'lundi': [], 'mardi': [], 'mercredi': ['20'], 'jeudi': [], 'vendredi': [], 'samedi': [], 'dimanche': []}"
1918,"{'lundi': [], 'mardi': [], 'mercredi': [], 'jeudi': [], 'vendredi': [], 'samedi': [], 'dimanche': ['1']}"
9389,"{'lundi': [], 'mardi': ['10h-18h'], 'mercredi': ['10h-18h'], 'jeudi': ['10h-18h'], 'vendredi': ['10h-18h'], 'samedi': ['10h-18h'], 'dimanche': []}"
4063,"{'lundi': [], 'mardi': [], 'mercredi': [], 'jeudi': [], 'vendredi': [], 'samedi': [], 'dimanche': ['4']}"
5113,"{'lundi': [], 'mardi': ['10h-18h'], 'mercredi': ['10h-18h'], 'jeudi': ['10h-18h'], 'vendredi': ['10h-18h'], 'samedi': ['6', '10h-18h'], 'dimanche': []}"
6626,"{'lundi': [], 'mardi': ['10h-18h'], 'mercredi': ['10h-18h'], 'jeudi': ['10h-18h'], 'vendredi': ['10h-18h'], 'samedi': ['10h-18h'], 'dimanche': []}"
1847,"{'lundi': [], 'mardi': [], 'mercredi': [], 'jeudi': [], 'vendredi': [], 'samedi': ['17'], 'dimanche': ['18']}"
7490,"{'lundi': [], 'mardi': [], 'mercredi': [], 'jeudi': [], 'vendredi': [], 'samedi': [], 'dimanche': ['22']}"
1574,"{'lundi': [], 'mardi': [], 'mercredi': [], 'jeudi': [], 'vendredi': [], 'samedi': [], 'dimanche': ['30']}"
6027,"{'lundi': [], 'mardi': [], 'mercredi': [], 'jeudi': [], 'vendredi': [], 'samedi': ['2'], 'dimanche': ['3']}"
6624,"{'lundi': [], 'mardi': ['10h-18h'], 'mercredi': ['10h-18h'], 'jeudi': ['10h-18h'], 'vendredi': ['10h-18h'], 'samedi': ['10h-18h'], 'dimanche': []}"
921,"{'lundi': [], 'mardi': [], 'mercredi': [], 'jeudi': ['3'], 'vendredi': [], 'samedi': [], 'dimanche': []}"
4145,"{'lundi': [], 'mardi': ['1'], 'mercredi': [], 'jeudi': [], 'vendredi': [], 'samedi': [], 'dimanche': []}"
1426,"{'lundi': [], 'mardi': ['10h-18h'], 'mercredi': ['10h-18h'], 'jeudi': ['10h-18h'], 'vendredi': ['10h-18h'], 'samedi': ['10h-18h'], 'dimanche': []}"
7340,"{'lundi': [], 'mardi': [], 'mercredi': ['30'], 'jeudi': [], 'vendredi': [], 'samedi': [], 'dimanche': []}"
4406,"{'lundi': [], 'mardi': ['10h-18h'], 'mercredi': ['10h-18h'], 'jeudi': ['10h-18h'], 'vendredi': ['10h-18h'], 'samedi': ['10h-18h'], 'dimanche': []}"
4287,"{'lundi': [], 'mardi': [], 'mercredi': [], 'jeudi': ['8'], 'vendredi': ['9'], 'samedi': ['10'], 'dimanche': []}"
1422,"{'lundi': [], 'mardi': [], 'mercredi': [], 'jeudi': [], 'vendredi': [], 'samedi': ['10'], 'dimanche': []}"
2562,"{'lundi': [], 'mardi': [], 'mercredi': [], 'jeudi': ['6'], 'vendredi': [], 'samedi': [], 'dimanche': []}"
10235,"{'lundi': [], 'mardi': ['10h-18h'], 'mercredi': ['10h-18h'], 'jeudi': ['10h-18h'], 'vendredi': ['10h-18h'], 'samedi': ['6', '10h-18h'], 'dimanche': []}"
9299,"{'lundi': [], 'mardi': [], 'mercredi': [], 'jeudi': ['27', '31'], 'vendredi': [], 'samedi': [], 'dimanche': []}"
2027,"{'lundi': [], 'mardi': [], 'mercredi': [], 'jeudi': [], 'vendredi': [], 'samedi': ['17'], 'dimanche': ['18']}"
4775,"{'lundi': [], 'mardi': [], 'mercredi': [], 'jeudi': [], 'vendredi': [], 'samedi': ['22'], 'dimanche': []}"
11944,"{'lundi': [], 'mardi': ['10h-18h'], 'mercredi': ['10h-18h'], 'jeudi': ['10h-18h'], 'vendredi': ['10h-18h'], 'samedi': ['6', '10h-18h'], 'dimanche': []}"
2039,"{'lundi': [], 'mardi': [], 'mercredi': [], 'jeudi': [], 'vendredi': [], 'samedi': ['9h30', '1'], 'dimanche': []}"
2047,"{'lundi': [], 'mardi': [], 'mercredi': [], 'jeudi': [], 'vendredi': [], 'samedi': ['9h30', '1'], 'dimanche': []}"
11035,"{'lundi': [], 'mardi': [], 'mercredi': [], 'jeudi': [], 'vendredi': [], 'samedi': ['9h30', '1'], 'dimanche': []}"
2044,"{'lundi': [], 'mardi': [], 'mercredi': [], 'jeudi': [], 'vendredi': [], 'samedi': ['9h30', '1'], 'dimanche': []}"
2051,"{'lundi': [], 'mardi': [], 'mercredi': [], 'jeudi': [], 'vendredi': [], 'samedi': ['9h30', '1'], 'dimanche': []}"
9125,"{'lundi': ['9h'], 'mardi': [], 'mercredi': [], 'jeudi': [], 'vendredi': ['17h'], 'samedi': [], 'dimanche': []}"
7728,"{'lundi': [], 'mardi': [], 'mercredi': [], 'jeudi': [], 'vendredi': [], 'samedi': ['17'], 'dimanche': []}"
3139,"{'lundi': [], 'mardi': [], 'mercredi': ['23'], 'jeudi': [], 'vendredi': [], 'samedi': [], 'dimanche': []}"
4929,"{'lundi': [], 'mardi': [], 'mercredi': [], 'jeudi': ['10'], 'vendredi': [], 'samedi': [], 'dimanche': []}"
4930,"{'lundi': [], 'mardi': [], 'mercredi': [], 'jeudi': ['10'], 'vendredi': [], 'samedi': [], 'dimanche': []}"
4931,"{'lundi': [], 'mardi': [], 'mercredi': [], 'jeudi': ['10'], 'vendredi': [], 'samedi': [], 'dimanche': []}"
4932,"{'lundi': [], 'mardi': [], 'mercredi': [], 'jeudi': ['10'], 'vendredi': [], 'samedi': [], 'dimanche': []}"
4935,"{'lundi': [], 'mardi': [], 'mercredi': [], 'jeudi': ['10'], 'vendredi': [], 'samedi': [], 'dimanche': []}"
4938,"{'lundi': [], 'mardi': [], 'mercredi': [], 'jeudi': ['10'], 'vendredi': [], 'samedi': [], 'dimanche': []}"
4939,"{'lundi': [], 'mardi': [], 'mercredi': [], 'jeudi': ['10'], 'vendredi': [], 'samedi': [], 'dimanche': []}"
11945,"{'lundi': [], 'mardi': ['10h-18h'], 'mercredi': ['10h-18h'], 'jeudi': ['10h-18h'], 'vendredi': ['10h-18h'], 'samedi': ['6', '10h-18h'], 'dimanche': []}"
2745,"{'lundi': [], 'mardi': [], 'mercredi': [], 'jeudi': ['10'], 'vendredi': [], 'samedi': [], 'dimanche': []}"
9382,"{'lundi': [], 'mardi': ['10h-18h'], 'mercredi': ['10h-18h'], 'jeudi': ['10h-18h'], 'vendredi': ['10h-18h'], 'samedi': ['10h-18h'], 'dimanche': []}"
9380,"{'lundi': [], 'mardi': ['10h-18h'], 'mercredi': ['10h-18h'], 'jeudi': ['10h-18h'], 'vendredi': ['10h-18h'], 'samedi': ['10h-18h'], 'dimanche': []}"
402,"{'lundi': [], 'mardi': ['9h00-12h30'], 'mercredi': ['9h00-12h30'], 'jeudi': [], 'vendredi': ['25', '9h00-12h30'], 'samedi': ['9h00-12h30'], 'dimanche': []}"
5752,"{'lundi': [], 'mardi': [], 'mercredi': [], 'jeudi': [], 'vendredi': [], 'samedi': [], 'dimanche': ['30']}"
2755,"{'lundi': [], 'mardi': [], 'mercredi': [], 'jeudi': ['10'], 'vendredi': [], 'samedi': [], 'dimanche': []}"
5114,"{'lundi': [], 'mardi': ['10h-18h'], 'mercredi': ['10h-18h'], 'jeudi': ['10h-18h'], 'vendredi': ['10h-18h'], 'samedi': ['6', '10h-18h'], 'dimanche': []}"
5116,"{'lundi': [], 'mardi': ['10h-18h'], 'mercredi': ['10h-18h'], 'jeudi': ['10h-18h'], 'vendredi': ['10h-18h'], 'samedi': ['6', '10h-18h'], 'dimanche': []}"
5525,"{'lundi': [], 'mardi': [], 'mercredi': [], 'jeudi': [], 'vendredi': ['23'], 'samedi': [], 'dimanche': []}"
5119,"{'lundi': [], 'mardi': ['10h-18h'], 'mercredi': ['10h-18h'], 'jeudi': ['10h-18h'], 'vendredi': ['10h-18h'], 'samedi': ['6', '10h-18h'], 'dimanche': []}"
5123,"{'lundi': [], 'mardi': ['10h-18h'], 'mercredi': ['10h-18h'], 'jeudi': ['10h-18h'], 'vendredi': ['10h-18h'], 'samedi': ['6', '10h-18h'], 'dimanche': []}"
623,"{'lundi': [], 'mardi': [], 'mercredi': [], 'jeudi': [], 'vendredi': [], 'samedi': ['9h30', '1'], 'dimanche': []}"
5138,"{'lundi': [], 'mardi': ['6'], 'mercredi': [], 'jeudi': [], 'vendredi': [], 'samedi': [], 'dimanche': []}"
717,"{'lundi': [], 'mardi': [], 'mercredi': [], 'jeudi': [], 'vendredi': ['19'], 'samedi': ['20'], 'dimanche': ['21']}"
11947,"{'lundi': [], 'mardi': ['10h-18h'], 'mercredi': ['10h-18h'], 'jeudi': ['10h-18h'], 'vendredi': ['10h-18h'], 'samedi': ['6', '10h-18h'], 'dimanche': []}"
1393,"{'lundi': [], 'mardi': [], 'mercredi': ['30'], 'jeudi': [], 'vendredi': [], 'samedi': [], 'dimanche': []}"
3738,"{'lundi': [], 'mardi': [], 'mercredi': [], 'jeudi': [], 'vendredi': [], 'samedi': ['28'], 'dimanche': []}"
5560,"{'lundi': [], 'mardi': [], 'mercredi': [], 'jeudi': [], 'vendredi': ['10h-18h'], 'samedi': [], 'dimanche': []}"
1421,"{'lundi': [], 'mardi': [], 'mercredi': [], 'jeudi': [], 'vendredi': [], 'samedi': ['10'], 'dimanche': []}"
1150,"{'lundi': [], 'mardi': [], 'mercredi': [], 'jeudi': [], 'vendredi': [], 'samedi': ['24'], 'dimanche': []}"
7190,"{'lundi': [], 'mardi': [], 'mercredi': [], 'jeudi': ['1'], 'vendredi': ['2'], 'samedi': ['3'], 'dimanche': ['4']}"
5117,"{'lundi': [], 'mardi': ['10h-18h'], 'mercredi': ['10h-18h'], 'jeudi': ['10h-18h'], 'vendredi': ['10h-18h'], 'samedi': ['6', '10h-18h'], 'dimanche': []}"
9094,"{'lundi': [], 'mardi': [], 'mercredi': [], 'jeudi': [], 'vendredi': [], 'samedi': ['17'], 'dimanche': []}"
11185,"{'lundi': [], 'mardi': [], 'mercredi': ['11h-18h'], 'jeudi': ['11h-18h'], 'vendredi': ['11h-18h'], 'samedi': ['11h-18h'], 'dimanche': ['11h-18h']}"
4387,"{'lundi': [], 'mardi': ['10h-18h'], 'mercredi': ['10h-18h'], 'jeudi': ['10h-18h'], 'vendredi': ['10h-18h'], 'samedi': ['10h-18h'], 'dimanche': []}"
9123,"{'lundi': ['2'], 'mardi': [], 'mercredi': [], 'jeudi': [], 'vendredi': [], 'samedi': [], 'dimanche': []}"
6253,"{'lundi': [], 'mardi': [], 'mercredi': [], 'jeudi': [], 'vendredi': ['4'], 'samedi': [], 'dimanche': []}"
9105,"{'lundi': [], 'mardi': [], 'mercredi': [], 'jeudi': [], 'vendredi': ['11'], 'samedi': [], 'dimanche': []}"
1320,"{'lundi': [], 'mardi': [], 'mercredi': ['30'], 'jeudi': [], 'vendredi': ['18'], 'samedi': [], 'dimanche': ['20']}"
3949,"{'lundi': [], 'mardi': [], 'mercredi': [], 'jeudi': [], 'vendredi': [], 'samedi': [], 'dimanche': ['1']}"
5308,"{'lundi': [], 'mardi': ['3'], 'mercredi': [], 'jeudi': ['5', '12'], 'vendredi': [], 'samedi': ['7'], 'dimanche': ['8']}"
5337,"{'lundi': [], 'mardi': [], 'mercredi': [], 'jeudi': ['27', '31'], 'vendredi': [], 'samedi': [], 'dimanche': []}"
5338,"{'lundi': [], 'mardi': [], 'mercredi': [], 'jeudi': ['27', '31'], 'vendredi': [], 'samedi': [], 'dimanche': []}"
9118,"{'lundi': [], 'mardi': [], 'mercredi': [], 'jeudi': [], 'vendredi': [], 'samedi': ['5'], 'dimanche': []}"
5599,"{'lundi': [], 'mardi': [], 'mercredi': [], 'jeudi': [], 'vendredi': [], 'samedi': ['10'], 'dimanche': []}"
5532,"{'lundi': [], 'mardi': [], 'mercredi': [], 'jeudi': [], 'vendredi': ['2'], 'samedi': ['3'], 'dimanche': []}"
5403,"{'lundi': [], 'mardi': ['29'], 'mercredi': [], 'jeudi': [], 'vendredi': [], 'samedi': [], 'dimanche': []}"
5415,"{'lundi': [], 'mardi': [], 'mercredi': [], 'jeudi': [], 'vendredi': [], 'samedi': ['5'], 'dimanche': []}"
5416,"{'lundi': [], 'mardi': [], 'mercredi': [], 'jeudi': [], 'vendredi': [], 'samedi': ['5'], 'dimanche': []}"
9383,"{'lundi': [], 'mardi': ['10h-18h'], 'mercredi': ['10h-18h'], 'jeudi': ['10h-18h'], 'vendredi': ['10h-18h'], 'samedi': ['10h-18h'], 'dimanche': []}"
6622,"{'lundi': [], 'mardi': ['10h-18h'], 'mercredi': ['10h-18h'], 'jeudi': ['10h-18h'], 'vendredi': ['10h-18h'], 'samedi': ['10h-18h'], 'dimanche': []}"
6614,"{'lundi': [], 'mardi': ['10h-18h'], 'mercredi': ['10h-18h'], 'jeudi': ['10h-18h'], 'vendredi': ['10h-18h'], 'samedi': ['10h-18h'], 'dimanche': []}"
11261,"{'lundi': [], 'mardi': [], 'mercredi': [], 'jeudi': [], 'vendredi': [], 'samedi': ['5'], 'dimanche': []}"
2751,"{'lundi': [], 'mardi': [], 'mercredi': [], 'jeudi': ['10'], 'vendredi': [], 'samedi': [], 'dimanche': []}"
2752,"{'lundi': [], 'mardi': [], 'mercredi': [], 'jeudi': ['10'], 'vendredi': [], 'samedi': [], 'dimanche': []}"
2753,"{'lundi': [], 'mardi': [], 'mercredi': [], 'jeudi': ['10'], 'vendredi': [], 'samedi': [], 'dimanche': []}"
4936,"{'lundi': [], 'mardi': [], 'mercredi': [], 'jeudi': ['10'], 'vendredi': [], 'samedi': [], 'dimanche': []}"
8291,"{'lundi': [], 'mardi': [], 'mercredi': [], 'jeudi': ['10'], 'vendredi': [], 'samedi': [], 'dimanche': []}"
8292,"{'lundi': [], 'mardi': [], 'mercredi': [], 'jeudi': ['10'], 'vendredi': [], 'samedi': [], 'dimanche': []}"
2043,"{'lundi': [], 'mardi': [], 'mercredi': [], 'jeudi': [], 'vendredi': [], 'samedi': ['9h30', '1'], 'dimanche': []}"
5492,"{'lundi': [], 'mardi': [], 'mercredi': ['17'], 'jeudi': [], 'vendredi': [], 'samedi': [], 'dimanche': []}"
9282,"{'lundi': ['21', '21'], 'mardi': [], 'mercredi': [], 'jeudi': ['17', '17'], 'vendredi': [], 'samedi': [], 'dimanche': []}"
6030,"{'lundi': [], 'mardi': [], 'mercredi': [], 'jeudi': [], 'vendredi': [], 'samedi': ['19'], 'dimanche': []}"
9114,"{'lundi': [], 'mardi': [], 'mercredi': [], 'jeudi': [], 'vendredi': [], 'samedi': ['5'], 'dimanche': []}"
5531,"{'lundi': [], 'mardi': [], 'mercredi': [], 'jeudi': [], 'vendredi': ['2'], 'samedi': ['3'], 'dimanche': []}"
5534,"{'lundi': [], 'mardi': [], 'mercredi': [], 'jeudi': [], 'vendredi': [], 'samedi': ['17'], 'dimanche': []}"
9292,"{'lundi': [], 'mardi': [], 'mercredi': [], 'jeudi': [], 'vendredi': ['16'], 'samedi': ['17'], 'dimanche': []}"
5597,"{'lundi': [], 'mardi': [], 'mercredi': [], 'jeudi': [], 'vendredi': [], 'samedi': ['10'], 'dimanche': []}"
4372,"{'lundi': [], 'mardi': [], 'mercredi': [], 'jeudi': [], 'vendredi': [], 'samedi': [], 'dimanche': ['13']}"
6051,"{'lundi': [], 'mardi': [], 'mercredi': [], 'jeudi': [], 'vendredi': [], 'samedi': [], 'dimanche': ['4']}"
11329,"{'lundi': ['7'], 'mardi': ['8', '15'], 'mercredi': ['9', '9', '16'], 'jeudi': ['10', '17'], 'vendredi': [], 'samedi': [], 'dimanche': []}"
5596,"{'lundi': [], 'mardi': [], 'mercredi': [], 'jeudi': [], 'vendredi': ['25'], 'samedi': ['26'], 'dimanche': ['27']}"
5606,"{'lundi': [], 'mardi': ['10h-18h'], 'mercredi': ['10h-18h'], 'jeudi': ['10h-18h'], 'vendredi': ['10h-18h'], 'samedi': ['10h-18h'], 'dimanche': []}"
5610,"{'lundi': [], 'mardi': ['10h-18h'], 'mercredi': ['10h-18h'], 'jeudi': ['10h-18h'], 'vendredi': ['10h-18h'], 'samedi': ['10h-18h'], 'dimanche': []}"
5613,"{'lundi': [], 'mardi': ['10h-18h'], 'mercredi': ['10h-18h'], 'jeudi': ['10h-18h'], 'vendredi': ['10h-18h'], 'samedi': ['10h-18h'], 'dimanche': []}"
5639,"{'lundi': [], 'mardi': [], 'mercredi': [], 'jeudi': [], 'vendredi': [], 'samedi': [], 'dimanche': ['4', '11', '18', '25']}"
5751,"{'lundi': [], 'mardi': [], 'mercredi': [], 'jeudi': [], 'vendredi': [], 'samedi': [], 'dimanche': ['30']}"
5753,"{'lundi': [], 'mardi': [], 'mercredi': [], 'jeudi': [], 'vendredi': [], 'samedi': [], 'dimanche': ['30']}"
5754,"{'lundi': [], 'mardi': [], 'mercredi': [], 'jeudi': [], 'vendredi': [], 'samedi': [], 'dimanche': ['30']}"
9390,"{'lundi': [], 'mardi': ['10h-18h'], 'mercredi': ['10h-18h'], 'jeudi': ['10h-18h'], 'vendredi': ['10h-18h'], 'samedi': ['10h-18h'], 'dimanche': []}"
9391,"{'lundi': [], 'mardi': ['10h-18h'], 'mercredi': ['10h-18h'], 'jeudi': ['10h-18h'], 'vendredi': ['10h-18h'], 'samedi': ['10h-18h'], 'dimanche': []}"
8478,"{'lundi': [], 'mardi': ['10h-18h'], 'mercredi': ['10h-18h'], 'jeudi': ['10h-18h'], 'vendredi': ['10h-18h'], 'samedi': ['6', '10h-18h'], 'dimanche': []}"
9117,"{'lundi': [], 'mardi': [], 'mercredi': [], 'jeudi': [], 'vendredi': [], 'samedi': ['5'], 'dimanche': []}"
8483,"{'lundi': [], 'mardi': ['10h-18h'], 'mercredi': ['10h-18h'], 'jeudi': ['10h-18h'], 'vendredi': ['10h-18h'], 'samedi': ['6', '10h-18h'], 'dimanche': []}"
8484,"{'lundi': [], 'mardi': ['10h-18h'], 'mercredi': ['10h-18h'], 'jeudi': ['10h-18h'], 'vendredi': ['10h-18h'], 'samedi': ['6', '10h-18h'], 'dimanche': []}"
1571,"{'lundi': [], 'mardi': [], 'mercredi': [], 'jeudi': [], 'vendredi': [], 'samedi': [], 'dimanche': ['30']}"
5855,"{'lundi': [], 'mardi': [], 'mercredi': [], 'jeudi': [], 'vendredi': [], 'samedi': ['24'], 'dimanche': []}"
6322,"{'lundi': [], 'mardi': [], 'mercredi': [], 'jeudi': [], 'vendredi': [], 'samedi': ['24'], 'dimanche': []}"
8474,"{'lundi': [], 'mardi': ['10h-18h'], 'mercredi': ['10h-18h'], 'jeudi': ['10h-18h'], 'vendredi': ['10h-18h'], 'samedi': ['6', '10h-18h'], 'dimanche': []}"
1572,"{'lundi': [], 'mardi': [], 'mercredi': [], 'jeudi': [], 'vendredi': [], 'samedi': [], 'dimanche': ['30']}"
7390,"{'lundi': [], 'mardi': ['9h00-12h30'], 'mercredi': ['9h00-12h30'], 'jeudi': [], 'vendredi': ['9h00-12h30'], 'samedi': ['7', '9h00-12h30'], 'dimanche': []}"
5379,"{'lundi': [], 'mardi': [], 'mercredi': [], 'jeudi': [], 'vendredi': [], 'samedi': ['4'], 'dimanche': []}"
6432,"{'lundi': [], 'mardi': [], 'mercredi': [], 'jeudi': [], 'vendredi': [], 'samedi': ['28'], 'dimanche': []}"
5908,"{'lundi': [], 'mardi': [], 'mercredi': [], 'jeudi': [], 'vendredi': ['18'], 'samedi': ['19'], 'dimanche': []}"
4392,"{'lundi': [], 'mardi': ['10h-18h'], 'mercredi': ['10h-18h'], 'jeudi': ['10h-18h'], 'vendredi': ['10h-18h'], 'samedi': ['10h-18h'], 'dimanche': []}"
3947,"{'lundi': [], 'mardi': [], 'mercredi': [], 'jeudi': [], 'vendredi': [], 'samedi': ['28', '28'], 'dimanche': ['29', '29']}"
8477,"{'lundi': [], 'mardi': ['10h-18h'], 'mercredi': ['10h-18h'], 'jeudi': ['10h-18h'], 'vendredi': ['10h-18h'], 'samedi': ['6', '10h-18h'], 'dimanche': []}"
6777,"{'lundi': [], 'mardi': [], 'mercredi': [], 'jeudi': [], 'vendredi': [], 'samedi': [], 'dimanche': ['30']}"
8481,"{'lundi': [], 'mardi': ['10h-18h'], 'mercredi': ['10h-18h'], 'jeudi': ['10h-18h'], 'vendredi': ['10h-18h'], 'samedi': ['6', '10h-18h'], 'dimanche': []}"
6039,"{'lundi': [], 'mardi': [], 'mercredi': [], 'jeudi': [], 'vendredi': [], 'samedi': ['5'], 'dimanche': []}"
4336,"{'lundi': [], 'mardi': [], 'mercredi': [], 'jeudi': [], 'vendredi': ['10h-18h'], 'samedi': [], 'dimanche': []}"
6037,"{'lundi': [], 'mardi': [], 'mercredi': [], 'jeudi': [], 'vendredi': [], 'samedi': ['5'], 'dimanche': []}"
11036,"{'lundi': [], 'mardi': [], 'mercredi': [], 'jeudi': [], 'vendredi': [], 'samedi': ['9h30', '1'], 'dimanche': []}"
6062,"{'lundi': [], 'mardi': ['1'], 'mercredi': [], 'jeudi': [], 'vendredi': [], 'samedi': [], 'dimanche': []}"
3255,"{'lundi': [], 'mardi': ['10h-18h'], 'mercredi': ['10h-18h'], 'jeudi': ['10h-18h'], 'vendredi': ['10h-18h'], 'samedi': ['6', '10h-18h'], 'dimanche': []}"
3256,"{'lundi': [], 'mardi': ['10h-18h'], 'mercredi': ['10h-18h'], 'jeudi': ['10h-18h'], 'vendredi': ['10h-18h'], 'samedi': ['6', '10h-18h'], 'dimanche': []}"
11038,"{'lundi': [], 'mardi': [], 'mercredi': [], 'jeudi': [], 'vendredi': [], 'samedi': ['9h30', '1'], 'dimanche': []}"
11039,"{'lundi': [], 'mardi': [], 'mercredi': [], 'jeudi': [], 'vendredi': [], 'samedi': ['9h30', '1'], 'dimanche': []}"
3259,"{'lundi': [], 'mardi': ['10h-18h'], 'mercredi': ['10h-18h'], 'jeudi': ['10h-18h'], 'vendredi': ['10h-18h'], 'samedi': ['6', '10h-18h'], 'dimanche': []}"
9640,"{'lundi': [], 'mardi': ['10'], 'mercredi': [], 'jeudi': [], 'vendredi': [], 'samedi': [], 'dimanche': []}"
3261,"{'lundi': [], 'mardi': ['10h-18h'], 'mercredi': ['10h-18h'], 'jeudi': ['10h-18h'], 'vendredi': ['10h-18h'], 'samedi': ['6', '10h-18h'], 'dimanche': []}"
5603,"{'lundi': [], 'mardi': ['10h-18h'], 'mercredi': ['10h-18h'], 'jeudi': ['10h-18h'], 'vendredi': ['10h-18h'], 'samedi': ['10h-18h'], 'dimanche': []}"
9639,"{'lundi': [], 'mardi': ['3'], 'mercredi': [], 'jeudi': [], 'vendredi': [], 'samedi': [], 'dimanche': []}"
3262,"{'lundi': [], 'mardi': ['10h-18h'], 'mercredi': ['10h-18h'], 'jeudi': ['10h-18h'], 'vendredi': ['10h-18h'], 'samedi': ['6', '10h-18h'], 'dimanche': []}"
3264,"{'lundi': [], 'mardi': ['10h-18h'], 'mercredi': ['10h-18h'], 'jeudi': ['10h-18h'], 'vendredi': ['10h-18h'], 'samedi': ['6', '10h-18h'], 'dimanche': []}"
3265,"{'lundi': [], 'mardi': ['10h-18h'], 'mercredi': ['10h-18h'], 'jeudi': ['10h-18h'], 'vendredi': ['10h-18h'], 'samedi': ['6', '10h-18h'], 'dimanche': []}"
11620,"{'lundi': [], 'mardi': [], 'mercredi': ['23'], 'jeudi': [], 'vendredi': [], 'samedi': [], 'dimanche': []}"
1159,"{'lundi': [], 'mardi': [], 'mercredi': [], 'jeudi': [], 'vendredi': [], 'samedi': ['5'], 'dimanche': []}"
1239,"{'lundi': ['9h'], 'mardi': [], 'mercredi': [], 'jeudi': [], 'vendredi': ['17h'], 'samedi': [], 'dimanche': []}"
1298,"{'lundi': [], 'mardi': [], 'mercredi': [], 'jeudi': [], 'vendredi': [], 'samedi': ['19'], 'dimanche': []}"
1162,"{'lundi': [], 'mardi': [], 'mercredi': [], 'jeudi': [], 'vendredi': [], 'samedi': ['5'], 'dimanche': []}"
9647,"{'lundi': [], 'mardi': [], 'mercredi': [], 'jeudi': [], 'vendredi': [], 'samedi': ['19'], 'dimanche': []}"
5612,"{'lundi': [], 'mardi': ['10h-18h'], 'mercredi': ['10h-18h'], 'jeudi': ['10h-18h'], 'vendredi': ['10h-18h'], 'samedi': ['10h-18h'], 'dimanche': []}"
9646,"{'lundi': [], 'mardi': ['15'], 'mercredi': [], 'jeudi': [], 'vendredi': [], 'samedi': [], 'dimanche': []}"
2787,"{'lundi': [], 'mardi': [], 'mercredi': [], 'jeudi': ['17'], 'vendredi': [], 'samedi': [], 'dimanche': []}"
4379,"{'lundi': [], 'mardi': ['10h-18h'], 'mercredi': ['10h-18h'], 'jeudi': ['10h-18h'], 'vendredi': ['10h-18h'], 'samedi': ['10h-18h'], 'dimanche': []}"
4381,"{'lundi': [], 'mardi': ['10h-18h'], 'mercredi': ['10h-18h'], 'jeudi': ['10h-18h'], 'vendredi': ['10h-18h'], 'samedi': ['10h-18h'], 'dimanche': []}"
5389,"{'lundi': [], 'mardi': [], 'mercredi': [], 'jeudi': [], 'vendredi': [], 'samedi': [], 'dimanche': ['1']}"
3278,"{'lundi': [], 'mardi': [], 'mercredi': [], 'jeudi': [], 'vendredi': [], 'samedi': ['26'], 'dimanche': []}"
4394,"{'lundi': [], 'mardi': ['10h-18h'], 'mercredi': ['10h-18h'], 'jeudi': ['10h-18h'], 'vendredi': ['10h-18h'], 'samedi': ['10h-18h'], 'dimanche': []}"
4353,"{'lundi': [], 'mardi': ['10h-18h'], 'mercredi': ['10h-18h'], 'jeudi': ['10h-18h'], 'vendredi': ['10h-18h'], 'samedi': ['10h-18h'], 'dimanche': []}"
4398,"{'lundi': [], 'mardi': ['10h-18h'], 'mercredi': ['10h-18h'], 'jeudi': ['10h-18h'], 'vendredi': ['10h-18h'], 'samedi': ['10h-18h'], 'dimanche': []}"
7731,"{'lundi': [], 'mardi': [], 'mercredi': ['5', '19', '2', '9', '30'], 'jeudi': ['20'], 'vendredi': [], 'samedi': [], 'dimanche': []}"
8879,"{'lundi': [], 'mardi': [], 'mercredi': [], 'jeudi': [], 'vendredi': ['16'], 'samedi': [], 'dimanche': []}"
8884,"{'lundi': [], 'mardi': [], 'mercredi': [], 'jeudi': [], 'vendredi': [], 'samedi': [], 'dimanche': ['23']}"
7525,"{'lundi': [], 'mardi': [], 'mercredi': ['11h-18h'], 'jeudi': ['11h-18h'], 'vendredi': ['11h-18h'], 'samedi': ['11h-18h'], 'dimanche': ['11h-18h']}"
4400,"{'lundi': [], 'mardi': ['10h-18h'], 'mercredi': ['10h-18h'], 'jeudi': ['10h-18h'], 'vendredi': ['10h-18h'], 'samedi': ['10h-18h'], 'dimanche': []}"
3267,"{'lundi': [], 'mardi': ['10h-18h'], 'mercredi': ['10h-18h'], 'jeudi': ['10h-18h'], 'vendredi': ['10h-18h'], 'samedi': ['6', '10h-18h'], 'dimanche': []}"
3274,"{'lundi': ['1', '21'], 'mardi': [], 'mercredi': [], 'jeudi': [], 'vendredi': [], 'samedi': ['19'], 'dimanche': []}"
1258,"{'lundi': [], 'mardi': ['22'], 'mercredi': [], 'jeudi': [], 'vendredi': [], 'samedi': [], 'dimanche': []}"
10236,"{'lundi': [], 'mardi': ['10h-18h'], 'mercredi': ['10h-18h'], 'jeudi': ['10h-18h'], 'vendredi': ['10h-18h'], 'samedi': ['6', '10h-18h'], 'dimanche': []}"
10027,"{'lundi': [], 'mardi': [], 'mercredi': [], 'jeudi': ['10'], 'vendredi': [], 'samedi': [], 'dimanche': []}"
3990,"{'lundi': [], 'mardi': [], 'mercredi': [], 'jeudi': [], 'vendredi': [], 'samedi': ['5'], 'dimanche': []}"
11846,"{'lundi': [], 'mardi': [], 'mercredi': ['7'], 'jeudi': ['8'], 'vendredi': ['9'], 'samedi': ['10'], 'dimanche': ['11']}"
1259,"{'lundi': [], 'mardi': [], 'mercredi': [], 'jeudi': [], 'vendredi': ['25'], 'samedi': [], 'dimanche': []}"
6285,"{'lundi': [], 'mardi': [], 'mercredi': [], 'jeudi': [], 'vendredi': [], 'samedi': ['19'], 'dimanche': []}"
7589,"{'lundi': [], 'mardi': [], 'mercredi': ['16'], 'jeudi': [], 'vendredi': [], 'samedi': [], 'dimanche': []}"
6313,"{'lundi': [], 'mardi': [], 'mercredi': [], 'jeudi': [], 'vendredi': [], 'samedi': ['26'], 'dimanche': []}"
6015,"{'lundi': [], 'mardi': [], 'mercredi': [], 'jeudi': ['22'], 'vendredi': [], 'samedi': [], 'dimanche': []}"
5120,"{'lundi': [], 'mardi': ['10h-18h'], 'mercredi': ['10h-18h'], 'jeudi': ['10h-18h'], 'vendredi': ['10h-18h'], 'samedi': ['6', '10h-18h'], 'dimanche': []}"
6380,"{'lundi': [], 'mardi': [], 'mercredi': [], 'jeudi': ['27', '31'], 'vendredi': [], 'samedi': [], 'dimanche': []}"
613,"{'lundi': [], 'mardi': [], 'mercredi': [], 'jeudi': [], 'vendredi': [], 'samedi': ['9h30', '1'], 'dimanche': []}"
614,"{'lundi': [], 'mardi': [], 'mercredi': [], 'jeudi': [], 'vendredi': [], 'samedi': ['9h30', '1'], 'dimanche': []}"
9124,"{'lundi': [], 'mardi': [], 'mercredi': [], 'jeudi': ['1'], 'vendredi': [], 'samedi': [], 'dimanche': []}"
5122,"{'lundi': [], 'mardi': ['10h-18h'], 'mercredi': ['10h-18h'], 'jeudi': ['10h-18h'], 'vendredi': ['10h-18h'], 'samedi': ['6', '10h-18h'], 'dimanche': []}"
5124,"{'lundi': [], 'mardi': ['10h-18h'], 'mercredi': ['10h-18h'], 'jeudi': ['10h-18h'], 'vendredi': ['10h-18h'], 'samedi': ['6', '10h-18h'], 'dimanche': []}"
6491,"{'lundi': ['14'], 'mardi': [], 'mercredi': [], 'jeudi': [], 'vendredi': ['18'], 'samedi': ['19'], 'dimanche': ['20']}"
3736,"{'lundi': [], 'mardi': ['1'], 'mercredi': [], 'jeudi': [], 'vendredi': [], 'samedi': [], 'dimanche': []}"
3753,"{'lundi': [], 'mardi': [], 'mercredi': [], 'jeudi': [], 'vendredi': ['6'], 'samedi': ['7', '7'], 'dimanche': ['8']}"
9281,"{'lundi': [], 'mardi': ['3'], 'mercredi': [], 'jeudi': ['5', '12'], 'vendredi': [], 'samedi': ['7'], 'dimanche': ['8']}"
11941,"{'lundi': [], 'mardi': ['10h-18h'], 'mercredi': ['10h-18h'], 'jeudi': ['10h-18h'], 'vendredi': ['10h-18h'], 'samedi': ['6', '10h-18h'], 'dimanche': []}"
11946,"{'lundi': [], 'mardi': ['10h-18h'], 'mercredi': ['10h-18h'], 'jeudi': ['10h-18h'], 'vendredi': ['10h-18h'], 'samedi': ['6', '10h-18h'], 'dimanche': []}"
6523,"{'lundi': [], 'mardi': [], 'mercredi': [], 'jeudi': [], 'vendredi': [], 'samedi': ['9h30', '1'], 'dimanche': []}"
6526,"{'lundi': [], 'mardi': [], 'mercredi': [], 'jeudi': [], 'vendredi': [], 'samedi': ['9h30', '1'], 'dimanche': []}"
3776,"{'lundi': [], 'mardi': [], 'mercredi': [], 'jeudi': ['27', '31'], 'vendredi': [], 'samedi': [], 'dimanche': []}"
3780,"{'lundi': [], 'mardi': [], 'mercredi': [], 'jeudi': ['27', '31'], 'vendredi': [], 'samedi': [], 'dimanche': []}"
2538,"{'lundi': [], 'mardi': [], 'mercredi': [], 'jeudi': [], 'vendredi': [], 'samedi': ['26'], 'dimanche': []}"
8342,"{'lundi': [], 'mardi': [], 'mercredi': ['22'], 'jeudi': [], 'vendredi': [], 'samedi': [], 'dimanche': []}"
3996,"{'lundi': [], 'mardi': [], 'mercredi': [], 'jeudi': [], 'vendredi': [], 'samedi': ['5'], 'dimanche': []}"
6607,"{'lundi': [], 'mardi': [], 'mercredi': [], 'jeudi': [], 'vendredi': [], 'samedi': ['10'], 'dimanche': []}"
612,"{'lundi': [], 'mardi': [], 'mercredi': [], 'jeudi': [], 'vendredi': [], 'samedi': ['9h30', '1'], 'dimanche': []}"
6620,"{'lundi': [], 'mardi': ['10h-18h'], 'mercredi': ['10h-18h'], 'jeudi': ['10h-18h'], 'vendredi': ['10h-18h'], 'samedi': ['10h-18h'], 'dimanche': []}"
9234,"{'lundi': ['14'], 'mardi': ['15', '22'], 'mercredi': ['23'], 'jeudi': ['17'], 'vendredi': ['18'], 'samedi': [], 'dimanche': []}"
130,"{'lundi': [], 'mardi': [], 'mercredi': [], 'jeudi': [], 'vendredi': [], 'samedi': [], 'dimanche': ['30']}"
9381,"{'lundi': [], 'mardi': ['10h-18h'], 'mercredi': ['10h-18h'], 'jeudi': ['10h-18h'], 'vendredi': ['10h-18h'], 'samedi': ['10h-18h'], 'dimanche': []}"
1301,"{'lundi': [], 'mardi': ['11h-19h'], 'mercredi': ['11h-19h'], 'jeudi': ['11h-19h'], 'vendredi': ['11h-19h'], 'samedi': ['11h-19h'], 'dimanche': ['11h-19h']}"
1423,"{'lundi': [], 'mardi': [], 'mercredi': [], 'jeudi': [], 'vendredi': [], 'samedi': ['10'], 'dimanche': []}"
6618,"{'lundi': [], 'mardi': ['10h-18h'], 'mercredi': ['10h-18h'], 'jeudi': ['10h-18h'], 'vendredi': ['10h-18h'], 'samedi': ['10h-18h'], 'dimanche': []}"
1573,"{'lundi': [], 'mardi': [], 'mercredi': [], 'jeudi': [], 'vendredi': [], 'samedi': [], 'dimanche': ['30']}"
6616,"{'lundi': [], 'mardi': ['10h-18h'], 'mercredi': ['10h-18h'], 'jeudi': ['10h-18h'], 'vendredi': ['10h-18h'], 'samedi': ['10h-18h'], 'dimanche': []}"
4396,"{'lundi': [], 'mardi': ['10h-18h'], 'mercredi': ['10h-18h'], 'jeudi': ['10h-18h'], 'vendredi': ['10h-18h'], 'samedi': ['10h-18h'], 'dimanche': []}"
8480,"{'lundi': [], 'mardi': ['10h-18h'], 'mercredi': ['10h-18h'], 'jeudi': ['10h-18h'], 'vendredi': ['10h-18h'], 'samedi': ['6', '10h-18h'], 'dimanche': []}"
9115,"{'lundi': [], 'mardi': [], 'mercredi': [], 'jeudi': [], 'vendredi': [], 'samedi': ['5'], 'dimanche': []}"
8293,"{'lundi': [], 'mardi': [], 'mercredi': [], 'jeudi': ['10'], 'vendredi': [], 'samedi': [], 'dimanche': []}"
4289,"{'lundi': [], 'mardi': [], 'mercredi': [], 'jeudi': ['8'], 'vendredi': ['9'], 'samedi': ['10'], 'dimanche': []}"
11584,"{'lundi': [], 'mardi': [], 'mercredi': [], 'jeudi': ['10'], 'vendredi': [], 'samedi': [], 'dimanche': []}"
11586,"{'lundi': [], 'mardi': [], 'mercredi': [], 'jeudi': ['10'], 'vendredi': [], 'samedi': [], 'dimanche': []}"
8354,"{'lundi': [], 'mardi': [], 'mercredi': [], 'jeudi': [], 'vendredi': ['14'], 'samedi': [], 'dimanche': []}"
7218,"{'lundi': [], 'mardi': [], 'mercredi': [], 'jeudi': [], 'vendredi': [], 'samedi': ['9h30', '1'], 'dimanche': []}"
9135,"{'lundi': [], 'mardi': [], 'mercredi': [], 'jeudi': [], 'vendredi': ['25'], 'samedi': [], 'dimanche': []}"
7592,"{'lundi': [], 'mardi': [], 'mercredi': [], 'jeudi': [], 'vendredi': [], 'samedi': ['17'], 'dimanche': []}"
4404,"{'lundi': [], 'mardi': ['10h-18h'], 'mercredi': ['10h-18h'], 'jeudi': ['10h-18h'], 'vendredi': ['10h-18h'], 'samedi': ['10h-18h'], 'dimanche': []}"
7734,"{'lundi': [], 'mardi': ['08'], 'mercredi': [], 'jeudi': ['03', '10'], 'vendredi': [], 'samedi': ['05', '05'], 'dimanche': ['06']}"
4402,"{'lundi': [], 'mardi': ['10h-18h'], 'mercredi': ['10h-18h'], 'jeudi': ['10h-18h'], 'vendredi': ['10h-18h'], 'samedi': ['10h-18h'], 'dimanche': []}"
9113,"{'lundi': [], 'mardi': [], 'mercredi': [], 'jeudi': [], 'vendredi': [], 'samedi': ['5'], 'dimanche': []}"
9119,"{'lundi': [], 'mardi': [], 'mercredi': [], 'jeudi': [], 'vendredi': [], 'samedi': ['5'], 'dimanche': []}"
9121,"{'lundi': [], 'mardi': [], 'mercredi': [], 'jeudi': [], 'vendredi': [], 'samedi': ['5'], 'dimanche': []}"
9165,"{'lundi': [], 'mardi': [], 'mercredi': [], 'jeudi': [], 'vendredi': [], 'samedi': ['10'], 'dimanche': []}"
6534,"{'lundi': [], 'mardi': [], 'mercredi': [], 'jeudi': [], 'vendredi': [], 'samedi': ['17'], 'dimanche': []}"
6612,"{'lundi': [], 'mardi': ['10h-18h'], 'mercredi': ['10h-18h'], 'jeudi': ['10h-18h'], 'vendredi': ['10h-18h'], 'samedi': ['10h-18h'], 'dimanche': []}"
7677,"{'lundi': [], 'mardi': ['5'], 'mercredi': [], 'jeudi': [], 'vendredi': [], 'samedi': [], 'dimanche': []}"
4389,"{'lundi': [], 'mardi': ['10h-18h'], 'mercredi': ['10h-18h'], 'jeudi': ['10h-18h'], 'vendredi': ['10h-18h'], 'samedi': ['10h-18h'], 'dimanche': []}"
9111,"{'lundi': [], 'mardi': [], 'mercredi': [], 'jeudi': [], 'vendredi': [], 'samedi': ['5'], 'dimanche': []}"
9387,"{'lundi': [], 'mardi': ['10h-18h'], 'mercredi': ['10h-18h'], 'jeudi': ['10h-18h'], 'vendredi': ['10h-18h'], 'samedi': ['10h-18h'], 'dimanche': []}"
8289,"{'lundi': [], 'mardi': [], 'mercredi': [], 'jeudi': ['10'], 'vendredi': [], 'samedi': [], 'dimanche': []}"
8294,"{'lundi': [], 'mardi': [], 'mercredi': [], 'jeudi': ['10'], 'vendredi': [], 'samedi': [], 'dimanche': []}"
4412,"{'lundi': [], 'mardi': ['10h-18h'], 'mercredi': ['10h-18h'], 'jeudi': ['10h-18h'], 'vendredi': ['10h-18h'], 'samedi': ['10h-18h'], 'dimanche': []}"
4414,"{'lundi': [], 'mardi': ['10h-18h'], 'mercredi': ['10h-18h'], 'jeudi': ['10h-18h'], 'vendredi': ['10h-18h'], 'samedi': ['10h-18h'], 'dimanche': []}"
9120,"{'lundi': [], 'mardi': [], 'mercredi': [], 'jeudi': [], 'vendredi': [], 'samedi': ['5'], 'dimanche': []}"
5600,"{'lundi': [], 'mardi': [], 'mercredi': [], 'jeudi': [], 'vendredi': [], 'samedi': ['10'], 'dimanche': []}"
9116,"{'lundi': [], 'mardi': [], 'mercredi': [], 'jeudi': [], 'vendredi': [], 'samedi': ['5'], 'dimanche': []}"
9749,"{'lundi': [], 'mardi': [], 'mercredi': ['23'], 'jeudi': [], 'vendredi': [], 'samedi': ['24'], 'dimanche': []}"
5359,"{'lundi': [], 'mardi': [], 'mercredi': ['30'], 'jeudi': [], 'vendredi': [], 'samedi': [], 'dimanche': []}"
5382,"{'lundi': [], 'mardi': [], 'mercredi': [], 'jeudi': [], 'vendredi': [], 'samedi': [], 'dimanche': ['14']}"
5388,"{'lundi': [], 'mardi': [], 'mercredi': [], 'jeudi': [], 'vendredi': [], 'samedi': [], 'dimanche': ['15']}"
9223,"{'lundi': [], 'mardi': [], 'mercredi': [], 'jeudi': ['9h'], 'vendredi': [], 'samedi': [], 'dimanche': []}"
9224,"{'lundi': [], 'mardi': [], 'mercredi': [], 'jeudi': ['9h'], 'vendredi': [], 'samedi': [], 'dimanche': []}"
7730,"{'lundi': [], 'mardi': [], 'mercredi': ['5', '19', '2', '9', '30'], 'jeudi': ['20'], 'vendredi': [], 'samedi': [], 'dimanche': []}"
10025,"{'lundi': [], 'mardi': [], 'mercredi': [], 'jeudi': ['10'], 'vendredi': [], 'samedi': [], 'dimanche': []}"
5409,"{'lundi': [], 'mardi': [], 'mercredi': [], 'jeudi': [], 'vendredi': [], 'samedi': ['24'], 'dimanche': []}"
9235,"{'lundi': [], 'mardi': ['13'], 'mercredi': [], 'jeudi': [], 'vendredi': [], 'samedi': [], 'dimanche': []}"
9233,"{'lundi': ['14'], 'mardi': ['15', '22'], 'mercredi': ['23'], 'jeudi': ['17'], 'vendredi': ['18'], 'samedi': [], 'dimanche': []}"
9252,"{'lundi': ['14'], 'mardi': [], 'mercredi': ['15'], 'jeudi': ['17'], 'vendredi': ['18'], 'samedi': ['19'], 'dimanche': []}"
3998,"{'lundi': [], 'mardi': [], 'mercredi': [], 'jeudi': [], 'vendredi': [], 'samedi': ['5'], 'dimanche': []}"
4009,"{'lundi': [], 'mardi': [], 'mercredi': [], 'jeudi': [], 'vendredi': [], 'samedi': [], 'dimanche': ['18']}"
5608,"{'lundi': [], 'mardi': ['10h-18h'], 'mercredi': ['10h-18h'], 'jeudi': ['10h-18h'], 'vendredi': ['10h-18h'], 'samedi': ['10h-18h'], 'dimanche': []}"
5609,"{'lundi': [], 'mardi': ['10h-18h'], 'mercredi': ['10h-18h'], 'jeudi': ['10h-18h'], 'vendredi': ['10h-18h'], 'samedi': ['10h-18h'], 'dimanche': []}"
5611,"{'lundi': [], 'mardi': ['10h-18h'], 'mercredi': ['10h-18h'], 'jeudi': ['10h-18h'], 'vendredi': ['10h-18h'], 'samedi': ['10h-18h'], 'dimanche': []}"
2045,"{'lundi': [], 'mardi': [], 'mercredi': [], 'jeudi': [], 'vendredi': [], 'samedi': ['9h30', '1'], 'dimanche': []}"
5530,"{'lundi': [], 'mardi': [], 'mercredi': [], 'jeudi': [], 'vendredi': ['10h-18h'], 'samedi': [], 'dimanche': []}"
9295,"{'lundi': [], 'mardi': [], 'mercredi': ['30'], 'jeudi': [], 'vendredi': ['18'], 'samedi': [], 'dimanche': ['20']}"
5593,"{'lundi': [], 'mardi': [], 'mercredi': [], 'jeudi': [], 'vendredi': [], 'samedi': [], 'dimanche': ['27']}"
5598,"{'lundi': [], 'mardi': [], 'mercredi': [], 'jeudi': [], 'vendredi': [], 'samedi': ['10'], 'dimanche': []}"
9665,"{'lundi': ['21'], 'mardi': [], 'mercredi': [], 'jeudi': [], 'vendredi': [], 'samedi': [], 'dimanche': ['20']}"
6518,"{'lundi': [], 'mardi': [], 'mercredi': [], 'jeudi': [], 'vendredi': [], 'samedi': ['12'], 'dimanche': []}"
9076,"{'lundi': [], 'mardi': [], 'mercredi': [], 'jeudi': ['22'], 'vendredi': [], 'samedi': [], 'dimanche': []}"
6602,"{'lundi': [], 'mardi': ['10h-18h'], 'mercredi': ['10h-18h'], 'jeudi': ['10h-18h'], 'vendredi': ['10h-18h'], 'samedi': ['10h-18h'], 'dimanche': []}"
4970,"{'lundi': [], 'mardi': [], 'mercredi': ['24'], 'jeudi': [], 'vendredi': [], 'samedi': [], 'dimanche': []}"
9201,"{'lundi': [], 'mardi': [], 'mercredi': [], 'jeudi': [], 'vendredi': ['16', '16'], 'samedi': ['17'], 'dimanche': ['18', '18']}"
6359,"{'lundi': [], 'mardi': [], 'mercredi': ['30'], 'jeudi': [], 'vendredi': ['18'], 'samedi': [], 'dimanche': ['20']}"
7216,"{'lundi': [], 'mardi': [], 'mercredi': [], 'jeudi': [], 'vendredi': [], 'samedi': ['9h30', '1'], 'dimanche': []}"
10945,"{'lundi': [], 'mardi': [], 'mercredi': [], 'jeudi': [], 'vendredi': [], 'samedi': ['13'], 'dimanche': []}"
1160,"{'lundi': [], 'mardi': [], 'mercredi': [], 'jeudi': [], 'vendredi': [], 'samedi': ['5'], 'dimanche': []}"
10026,"{'lundi': [], 'mardi': [], 'mercredi': [], 'jeudi': ['10'], 'vendredi': [], 'samedi': [], 'dimanche': []}"
3826,"{'lundi': [], 'mardi': [], 'mercredi': [], 'jeudi': [], 'vendredi': [], 'samedi': [], 'dimanche': ['27']}"
4383,"{'lundi': [], 'mardi': ['10h-18h'], 'mercredi': ['10h-18h'], 'jeudi': ['10h-18h'], 'vendredi': ['10h-18h'], 'samedi': ['10h-18h'], 'dimanche': []}"
1161,"{'lundi': [], 'mardi': [], 'mercredi': [], 'jeudi': [], 'vendredi': [], 'samedi': ['5'], 'dimanche': []}"
6041,"{'lundi': [], 'mardi': [], 'mercredi': [], 'jeudi': [], 'vendredi': [], 'samedi': ['5'], 'dimanche': []}"
4937,"{'lundi': [], 'mardi': [], 'mercredi': [], 'jeudi': ['10'], 'vendredi': [], 'samedi': [], 'dimanche': []}"
4408,"{'lundi': [], 'mardi': ['10h-18h'], 'mercredi': ['10h-18h'], 'jeudi': ['10h-18h'], 'vendredi': ['10h-18h'], 'samedi': ['10h-18h'], 'dimanche': []}"
6362,"{'lundi': [], 'mardi': [], 'mercredi': ['30'], 'jeudi': [], 'vendredi': ['18'], 'samedi': [], 'dimanche': ['20']}"
6535,"{'lundi': [], 'mardi': [], 'mercredi': [], 'jeudi': [], 'vendredi': [], 'samedi': ['9h30', '1'], 'dimanche': []}"
1294,"{'lundi': [], 'mardi': [], 'mercredi': [], 'jeudi': [], 'vendredi': [], 'samedi': ['26'], 'dimanche': []}"
9424,"{'lundi': [], 'mardi': [], 'mercredi': [], 'jeudi': [], 'vendredi': [], 'samedi': ['31'], 'dimanche': []}"
9425,"{'lundi': [], 'mardi': [], 'mercredi': [], 'jeudi': [], 'vendredi': [], 'samedi': [], 'dimanche': ['4', '11', '18', '25']}"
5991,"{'lundi': [], 'mardi': [], 'mercredi': ['9'], 'jeudi': [], 'vendredi': [], 'samedi': [], 'dimanche': []}"
9226,"{'lundi': ['28'], 'mardi': [], 'mercredi': [], 'jeudi': [], 'vendredi': [], 'samedi': [], 'dimanche': []}"
9649,"{'lundi': [], 'mardi': ['26'], 'mercredi': [], 'jeudi': [], 'vendredi': [], 'samedi': [], 'dimanche': []}"
9778,"{'lundi': ['5'], 'mardi': [], 'mercredi': [], 'jeudi': [], 'vendredi': [], 'samedi': [], 'dimanche': []}"
9885,"{'lundi': [], 'mardi': ['27', '9h00-12h30'], 'mercredi': ['9h00-12h30'], 'jeudi': [], 'vendredi': ['9h00-12h30'], 'samedi': ['9h00-12h30'], 'dimanche': []}"
9890,"{'lundi': [], 'mardi': [], 'mercredi': [], 'jeudi': [], 'vendredi': [], 'samedi': ['26'], 'dimanche': []}"
1846,"{'lundi': [], 'mardi': [], 'mercredi': [], 'jeudi': [], 'vendredi': ['30'], 'samedi': [], 'dimanche': []}"
3761,"{'lundi': [], 'mardi': [], 'mercredi': [], 'jeudi': [], 'vendredi': [], 'samedi': ['26'], 'dimanche': []}"
6311,"{'lundi': [], 'mardi': [], 'mercredi': [], 'jeudi': [], 'vendredi': [], 'samedi': [], 'dimanche': ['20']}"
1302,"{'lundi': [], 'mardi': [], 'mercredi': [], 'jeudi': [], 'vendredi': [], 'samedi': ['25'], 'dimanche': ['26']}"
9946,"{'lundi': [], 'mardi': [], 'mercredi': [], 'jeudi': [], 'vendredi': ['18'], 'samedi': [], 'dimanche': []}"
10028,"{'lundi': [], 'mardi': [], 'mercredi': [], 'jeudi': ['10'], 'vendredi': [], 'samedi': [], 'dimanche': []}"
9069,"{'lundi': [], 'mardi': [], 'mercredi': [], 'jeudi': [], 'vendredi': [], 'samedi': ['19'], 'dimanche': ['20']}"
9110,"{'lundi': [], 'mardi': [], 'mercredi': [], 'jeudi': [], 'vendredi': [], 'samedi': ['5'], 'dimanche': []}"
10308,"{'lundi': [], 'mardi': [], 'mercredi': ['23'], 'jeudi': [], 'vendredi': [], 'samedi': [], 'dimanche': []}"
10550,"{'lundi': [], 'mardi': [], 'mercredi': [], 'jeudi': [], 'vendredi': [], 'samedi': [], 'dimanche': ['30']}"
9279,"{'lundi': [], 'mardi': ['3'], 'mercredi': [], 'jeudi': ['5', '12'], 'vendredi': [], 'samedi': ['7'], 'dimanche': ['8']}"
9750,"{'lundi': [], 'mardi': [], 'mercredi': ['23'], 'jeudi': [], 'vendredi': [], 'samedi': ['24'], 'dimanche': []}"
9276,"{'lundi': [], 'mardi': [], 'mercredi': [], 'jeudi': [], 'vendredi': [], 'samedi': ['19'], 'dimanche': []}"
9360,"{'lundi': [], 'mardi': [], 'mercredi': [], 'jeudi': [], 'vendredi': [], 'samedi': ['10'], 'dimanche': []}"
9379,"{'lundi': [], 'mardi': [], 'mercredi': [], 'jeudi': [], 'vendredi': [], 'samedi': ['10'], 'dimanche': []}"
10029,"{'lundi': [], 'mardi': [], 'mercredi': [], 'jeudi': ['10'], 'vendredi': [], 'samedi': [], 'dimanche': []}"
9296,"{'lundi': [], 'mardi': [], 'mercredi': ['30'], 'jeudi': [], 'vendredi': ['18'], 'samedi': [], 'dimanche': ['20']}"
9298,"{'lundi': [], 'mardi': [], 'mercredi': [], 'jeudi': ['27', '31'], 'vendredi': [], 'samedi': [], 'dimanche': []}"
2754,"{'lundi': [], 'mardi': [], 'mercredi': [], 'jeudi': ['10'], 'vendredi': [], 'samedi': [], 'dimanche': []}"
4230,"{'lundi': [], 'mardi': ['29'], 'mercredi': [], 'jeudi': [], 'vendredi': [], 'samedi': [], 'dimanche': []}"
9517,"{'lundi': [], 'mardi': [], 'mercredi': [], 'jeudi': [], 'vendredi': [], 'samedi': [], 'dimanche': ['25']}"
9112,"{'lundi': [], 'mardi': [], 'mercredi': [], 'jeudi': [], 'vendredi': [], 'samedi': ['5'], 'dimanche': []}"
10551,"{'lundi': [], 'mardi': [], 'mercredi': [], 'jeudi': [], 'vendredi': [], 'samedi': [], 'dimanche': ['30']}"
